[
  {
    "my-image-url": "https://dev-us-west-1.aixblock.io/temp/9197a05e_alvan-nee-9M0tSjb-cpA-unsplash.jpeg",
    "my-prompt": "dog 1"
  },
  {
    "my-image-url": "https://dev-us-west-1.aixblock.io/temp/31497a48_alvan-nee-Id1DBHv4fbg-unsplash.jpeg",
    "my-prompt": "dog 2"
  },
  {
    "my-image-url": "https://dev-us-west-1.aixblock.io/temp/de130b97_alvan-nee-eoqnr8ikwFE-unsplash.jpeg",
    "my-prompt": "dog 3"
  },
  {
    "my-image-url": "https://dev-us-west-1.aixblock.io/temp/a330b058_alvan-nee-brFsZ7qszSY-unsplash.jpeg",
    "my-prompt": "dog 4"
  },
  {
    "my-image-url": "https://dev-us-west-1.aixblock.io/temp/714591d8_alvan-nee-bQaAJCbNq3g-unsplash.jpeg",
    "my-prompt": "dog 5"
  },
  {
    "my-image-url": "https://dev-us-west-1.aixblock.io/temp/3eeee854_alvan-nee-bQaAJCbNq3g-unsplash.jpeg",
    "my-prompt": "dog 6"
  },
  {
    "my-image-url": "https://dev-us-west-1.aixblock.io/temp/e161b74d_alvan-nee-brFsZ7qszSY-unsplash.jpeg",
    "my-prompt": "dog 7"
  },
  {
    "my-image-url": "https://dev-us-west-1.aixblock.io/temp/8409ad96_alvan-nee-Id1DBHv4fbg-unsplash.jpeg",
    "my-prompt": "dog 8"
  },
  {
    "my-image-url": "https://dev-us-west-1.aixblock.io/temp/aae6cf01_alvan-nee-eoqnr8ikwFE-unsplash.jpeg",
    "my-prompt": "dog 9"
  },
  {
    "my-image-url": "https://dev-us-west-1.aixblock.io/temp/403bf1de_alvan-nee-9M0tSjb-cpA-unsplash.jpeg",
    "my-prompt": "dog 10"
  }
]